qtl_group	ftp_path
Glom.NephQTL2	../../data-raw/eQTLs_chrAll_40_peers_cis1000kb_Glom.NephQTL2.tsv.bgz
Tube.NephQTL2	../../data-raw/eQTLs_chrAll_50_peers_cis1000kb_Tube.NephQTL2.tsv.bgz
TGP_Cell_lines	../../data-raw/eQTL_FastQTL_results.nominal_pass.allAssociations.MAGE.v1.0.txt.gz
Adipose_Subcutaneous	http://ftp.ebi.ac.uk/pub/databases/spot/eQTL/imported/GTEx_V8/ge/Adipose_Subcutaneous.tsv.gz
Adipose_Visceral_Omentum	http://ftp.ebi.ac.uk/pub/databases/spot/eQTL/imported/GTEx_V8/ge/Adipose_Visceral_Omentum.tsv.gz
Adrenal_Gland	http://ftp.ebi.ac.uk/pub/databases/spot/eQTL/imported/GTEx_V8/ge/Adrenal_Gland.tsv.gz
Artery_Aorta	http://ftp.ebi.ac.uk/pub/databases/spot/eQTL/imported/GTEx_V8/ge/Artery_Aorta.tsv.gz
Artery_Coronary	http://ftp.ebi.ac.uk/pub/databases/spot/eQTL/imported/GTEx_V8/ge/Artery_Coronary.tsv.gz
Artery_Tibial	http://ftp.ebi.ac.uk/pub/databases/spot/eQTL/imported/GTEx_V8/ge/Artery_Tibial.tsv.gz
Brain_Amygdala	http://ftp.ebi.ac.uk/pub/databases/spot/eQTL/imported/GTEx_V8/ge/Brain_Amygdala.tsv.gz
Brain_Anterior_cingulate_cortex_BA24	http://ftp.ebi.ac.uk/pub/databases/spot/eQTL/imported/GTEx_V8/ge/Brain_Anterior_cingulate_cortex_BA24.tsv.gz
Brain_Caudate_basal_ganglia	http://ftp.ebi.ac.uk/pub/databases/spot/eQTL/imported/GTEx_V8/ge/Brain_Caudate_basal_ganglia.tsv.gz
Brain_Cerebellar_Hemisphere	http://ftp.ebi.ac.uk/pub/databases/spot/eQTL/imported/GTEx_V8/ge/Brain_Cerebellar_Hemisphere.tsv.gz
Brain_Cerebellum	http://ftp.ebi.ac.uk/pub/databases/spot/eQTL/imported/GTEx_V8/ge/Brain_Cerebellum.tsv.gz
Brain_Cortex	http://ftp.ebi.ac.uk/pub/databases/spot/eQTL/imported/GTEx_V8/ge/Brain_Cortex.tsv.gz
Brain_Frontal_Cortex_BA9	http://ftp.ebi.ac.uk/pub/databases/spot/eQTL/imported/GTEx_V8/ge/Brain_Frontal_Cortex_BA9.tsv.gz
Brain_Hippocampus	http://ftp.ebi.ac.uk/pub/databases/spot/eQTL/imported/GTEx_V8/ge/Brain_Hippocampus.tsv.gz
Brain_Hypothalamus	http://ftp.ebi.ac.uk/pub/databases/spot/eQTL/imported/GTEx_V8/ge/Brain_Hypothalamus.tsv.gz
Brain_Nucleus_accumbens_basal_ganglia	http://ftp.ebi.ac.uk/pub/databases/spot/eQTL/imported/GTEx_V8/ge/Brain_Nucleus_accumbens_basal_ganglia.tsv.gz
Brain_Putamen_basal_ganglia	http://ftp.ebi.ac.uk/pub/databases/spot/eQTL/imported/GTEx_V8/ge/Brain_Putamen_basal_ganglia.tsv.gz
Brain_Spinal_cord_cervical_c-1	http://ftp.ebi.ac.uk/pub/databases/spot/eQTL/imported/GTEx_V8/ge/Brain_Spinal_cord_cervical_c-1.tsv.gz
Brain_Substantia_nigra	http://ftp.ebi.ac.uk/pub/databases/spot/eQTL/imported/GTEx_V8/ge/Brain_Substantia_nigra.tsv.gz
Breast_Mammary_Tissue	http://ftp.ebi.ac.uk/pub/databases/spot/eQTL/imported/GTEx_V8/ge/Breast_Mammary_Tissue.tsv.gz
Cells_Cultured_fibroblasts	http://ftp.ebi.ac.uk/pub/databases/spot/eQTL/imported/GTEx_V8/ge/Cells_Cultured_fibroblasts.tsv.gz
Cells_EBV-transformed_lymphocytes	http://ftp.ebi.ac.uk/pub/databases/spot/eQTL/imported/GTEx_V8/ge/Cells_EBV-transformed_lymphocytes.tsv.gz
Colon_Sigmoid	http://ftp.ebi.ac.uk/pub/databases/spot/eQTL/imported/GTEx_V8/ge/Colon_Sigmoid.tsv.gz
Colon_Transverse	http://ftp.ebi.ac.uk/pub/databases/spot/eQTL/imported/GTEx_V8/ge/Colon_Transverse.tsv.gz
Esophagus_Gastroesophageal_Junction	http://ftp.ebi.ac.uk/pub/databases/spot/eQTL/imported/GTEx_V8/ge/Esophagus_Gastroesophageal_Junction.tsv.gz
Esophagus_Mucosa	http://ftp.ebi.ac.uk/pub/databases/spot/eQTL/imported/GTEx_V8/ge/Esophagus_Mucosa.tsv.gz
Esophagus_Muscularis	http://ftp.ebi.ac.uk/pub/databases/spot/eQTL/imported/GTEx_V8/ge/Esophagus_Muscularis.tsv.gz
Heart_Atrial_Appendage	http://ftp.ebi.ac.uk/pub/databases/spot/eQTL/imported/GTEx_V8/ge/Heart_Atrial_Appendage.tsv.gz
Heart_Left_Ventricle	http://ftp.ebi.ac.uk/pub/databases/spot/eQTL/imported/GTEx_V8/ge/Heart_Left_Ventricle.tsv.gz
Kidney_Cortex	http://ftp.ebi.ac.uk/pub/databases/spot/eQTL/imported/GTEx_V8/ge/Kidney_Cortex.tsv.gz
Liver	http://ftp.ebi.ac.uk/pub/databases/spot/eQTL/imported/GTEx_V8/ge/Liver.tsv.gz
Lung	http://ftp.ebi.ac.uk/pub/databases/spot/eQTL/imported/GTEx_V8/ge/Lung.tsv.gz
Minor_Salivary_Gland	http://ftp.ebi.ac.uk/pub/databases/spot/eQTL/imported/GTEx_V8/ge/Minor_Salivary_Gland.tsv.gz
Muscle_Skeletal	http://ftp.ebi.ac.uk/pub/databases/spot/eQTL/imported/GTEx_V8/ge/Muscle_Skeletal.tsv.gz
Nerve_Tibial	http://ftp.ebi.ac.uk/pub/databases/spot/eQTL/imported/GTEx_V8/ge/Nerve_Tibial.tsv.gz
Ovary	http://ftp.ebi.ac.uk/pub/databases/spot/eQTL/imported/GTEx_V8/ge/Ovary.tsv.gz
Pancreas	http://ftp.ebi.ac.uk/pub/databases/spot/eQTL/imported/GTEx_V8/ge/Pancreas.tsv.gz
Pituitary	http://ftp.ebi.ac.uk/pub/databases/spot/eQTL/imported/GTEx_V8/ge/Pituitary.tsv.gz
Prostate	http://ftp.ebi.ac.uk/pub/databases/spot/eQTL/imported/GTEx_V8/ge/Prostate.tsv.gz
Skin_Not_Sun_Exposed_Suprapubic	http://ftp.ebi.ac.uk/pub/databases/spot/eQTL/imported/GTEx_V8/ge/Skin_Not_Sun_Exposed_Suprapubic.tsv.gz
Skin_Sun_Exposed_Lower_leg	http://ftp.ebi.ac.uk/pub/databases/spot/eQTL/imported/GTEx_V8/ge/Skin_Sun_Exposed_Lower_leg.tsv.gz
Small_Intestine_Terminal_Ileum	http://ftp.ebi.ac.uk/pub/databases/spot/eQTL/imported/GTEx_V8/ge/Small_Intestine_Terminal_Ileum.tsv.gz
Spleen	http://ftp.ebi.ac.uk/pub/databases/spot/eQTL/imported/GTEx_V8/ge/Spleen.tsv.gz
Stomach	http://ftp.ebi.ac.uk/pub/databases/spot/eQTL/imported/GTEx_V8/ge/Stomach.tsv.gz
Testis	http://ftp.ebi.ac.uk/pub/databases/spot/eQTL/imported/GTEx_V8/ge/Testis.tsv.gz
Thyroid	http://ftp.ebi.ac.uk/pub/databases/spot/eQTL/imported/GTEx_V8/ge/Thyroid.tsv.gz
Uterus	http://ftp.ebi.ac.uk/pub/databases/spot/eQTL/imported/GTEx_V8/ge/Uterus.tsv.gz
Vagina	http://ftp.ebi.ac.uk/pub/databases/spot/eQTL/imported/GTEx_V8/ge/Vagina.tsv.gz
Whole_Blood	http://ftp.ebi.ac.uk/pub/databases/spot/eQTL/imported/GTEx_V8/ge/Whole_Blood.tsv.gz